<?xml version="1.0" encoding="UTF-8"?>
<metadata xml:lang="da"><Esri><CreaDate>20240316</CreaDate><CreaTime>10040900</CreaTime><ArcGISFormat>1.0</ArcGISFormat><SyncOnce>TRUE</SyncOnce><DataProperties><lineage><Process ToolSource="c:\program files\arcgis\pro\Resources\ArcToolbox\toolboxes\Analysis Tools.tbx\Clip" Date="20240316" Time="100409">Clip main.U2018_CLC2018_V2020_20u1 pop1km2_DK "C:\Users\idarei\OneDrive - Aalborg Universitet\Dokumenter\work\programs\MYTILUScombined\MYTILUSlab\aquainfraLab\socioeconomic\arcgis\INSPIRE\data\corine2018\cor18_DK_clippedToPop.shp" #</Process></lineage></DataProperties></Esri></metadata>
