<?xml version="1.0" encoding="UTF-8"?>
<metadata xml:lang="da"><Esri><CreaDate>20240630</CreaDate><CreaTime>10105500</CreaTime><ArcGISFormat>1.0</ArcGISFormat><SyncOnce>FALSE</SyncOnce><DataProperties><itemProps><itemName Sync="TRUE">NUTS_01M_DK2016Pop2018_2017</itemName><imsContentType Sync="TRUE">002</imsContentType><itemSize Sync="TRUE">0.000</itemSize><itemLocation><linkage Sync="TRUE">file://\\AAU121464\C$\testR\NUTS_01M_DK2016Pop2018_2017.shp</linkage><protocol Sync="TRUE">Local Area Network</protocol></itemLocation></itemProps><coordRef><type Sync="TRUE">Projected</type><geogcsn Sync="TRUE">GCS_ETRS_1989</geogcsn><csUnits Sync="TRUE">Linear Unit: Meter (1.000000)</csUnits><projcsn Sync="TRUE">ETRS_1989_LAEA</projcsn><peXml Sync="TRUE">&lt;ProjectedCoordinateSystem xsi:type='typens:ProjectedCoordinateSystem' xmlns:xsi='http://www.w3.org/2001/XMLSchema-instance' xmlns:xs='http://www.w3.org/2001/XMLSchema' xmlns:typens='http://www.esri.com/schemas/ArcGIS/3.1.0'&gt;&lt;WKT&gt;PROJCS[&amp;quot;ETRS_1989_LAEA&amp;quot;,GEOGCS[&amp;quot;GCS_ETRS_1989&amp;quot;,DATUM[&amp;quot;D_ETRS_1989&amp;quot;,SPHEROID[&amp;quot;GRS_1980&amp;quot;,6378137.0,298.257222101]],PRIMEM[&amp;quot;Greenwich&amp;quot;,0.0],UNIT[&amp;quot;Degree&amp;quot;,0.0174532925199433]],PROJECTION[&amp;quot;Lambert_Azimuthal_Equal_Area&amp;quot;],PARAMETER[&amp;quot;False_Easting&amp;quot;,4321000.0],PARAMETER[&amp;quot;False_Northing&amp;quot;,3210000.0],PARAMETER[&amp;quot;Central_Meridian&amp;quot;,10.0],PARAMETER[&amp;quot;Latitude_Of_Origin&amp;quot;,52.0],UNIT[&amp;quot;Meter&amp;quot;,1.0],AUTHORITY[&amp;quot;EPSG&amp;quot;,3035]]&lt;/WKT&gt;&lt;XOrigin&gt;-8426600&lt;/XOrigin&gt;&lt;YOrigin&gt;-9526700&lt;/YOrigin&gt;&lt;XYScale&gt;353290001.83332509&lt;/XYScale&gt;&lt;ZOrigin&gt;-100000&lt;/ZOrigin&gt;&lt;ZScale&gt;10000&lt;/ZScale&gt;&lt;MOrigin&gt;-100000&lt;/MOrigin&gt;&lt;MScale&gt;10000&lt;/MScale&gt;&lt;XYTolerance&gt;0.001&lt;/XYTolerance&gt;&lt;ZTolerance&gt;0.001&lt;/ZTolerance&gt;&lt;MTolerance&gt;0.001&lt;/MTolerance&gt;&lt;HighPrecision&gt;true&lt;/HighPrecision&gt;&lt;WKID&gt;3035&lt;/WKID&gt;&lt;LatestWKID&gt;3035&lt;/LatestWKID&gt;&lt;/ProjectedCoordinateSystem&gt;</peXml></coordRef><lineage><Process ToolSource="c:\program files\arcgis\pro\Resources\ArcToolbox\toolboxes\Conversion Tools.tbx\ExportFeatures" Date="20240630" Time="101055">ExportFeatures NUTS_RG_01M_2016_3035 C:\testR\NUTS_01M_DK2016NoPopDraft.shp # NOT_USE_ALIAS "LEVL_CODE "LEVL_CODE" true true false 1 Short 0 1,First,#,NUTS_RG_01M_2016_3035,LEVL_CODE,-1,-1;NUTS_ID "NUTS_ID" true true false 5 Text 0 0,First,#,NUTS_RG_01M_2016_3035,NUTS_ID,0,5;CNTR_CODE "CNTR_CODE" true true false 2 Text 0 0,First,#,NUTS_RG_01M_2016_3035,CNTR_CODE,0,2;NAME_LATN "NAME_LATN" true true false 70 Text 0 0,First,#,NUTS_RG_01M_2016_3035,NAME_LATN,0,70;NUTS_NAME "NUTS_NAME" true true false 106 Text 0 0,First,#,NUTS_RG_01M_2016_3035,NUTS_NAME,0,106;MOUNT_TYPE "MOUNT_TYPE" true true false 1 Short 0 1,First,#,NUTS_RG_01M_2016_3035,MOUNT_TYPE,-1,-1;URBN_TYPE "URBN_TYPE" true true false 1 Short 0 1,First,#,NUTS_RG_01M_2016_3035,URBN_TYPE,-1,-1;COAST_TYPE "COAST_TYPE" true true false 1 Short 0 1,First,#,NUTS_RG_01M_2016_3035,COAST_TYPE,-1,-1;FID_1 "FID_1" true true false 5 Text 0 0,First,#,NUTS_RG_01M_2016_3035,FID_1,0,5" #</Process><Process ToolSource="c:\program files\arcgis\pro\Resources\ArcToolbox\toolboxes\Conversion Tools.tbx\ExportFeatures" Date="20240630" Time="101514">ExportFeatures NUTS_01M_DK2016NoPopDraft C:\testR\NUTS_01M_DK2016Pop2018_2017.shp # NOT_USE_ALIAS "LEVL_CODE "LEVL_CODE" true true false 1 Short 0 1,First,#,NUTS_01M_DK2016NoPopDraft,NUTS_01M_DK2016NoPopDraft.LEVL_CODE,-1,-1;NUTS_ID "NUTS_ID" true true false 5 Text 0 0,First,#,NUTS_01M_DK2016NoPopDraft,NUTS_01M_DK2016NoPopDraft.NUTS_ID,0,5;CNTR_CODE "CNTR_CODE" true true false 2 Text 0 0,First,#,NUTS_01M_DK2016NoPopDraft,NUTS_01M_DK2016NoPopDraft.CNTR_CODE,0,2;NAME_LATN "NAME_LATN" true true false 70 Text 0 0,First,#,NUTS_01M_DK2016NoPopDraft,NUTS_01M_DK2016NoPopDraft.NAME_LATN,0,70;NUTS_NAME "NUTS_NAME" true true false 106 Text 0 0,First,#,NUTS_01M_DK2016NoPopDraft,NUTS_01M_DK2016NoPopDraft.NUTS_NAME,0,106;MOUNT_TYPE "MOUNT_TYPE" true true false 1 Short 0 1,First,#,NUTS_01M_DK2016NoPopDraft,NUTS_01M_DK2016NoPopDraft.MOUNT_TYPE,-1,-1;URBN_TYPE "URBN_TYPE" true true false 1 Short 0 1,First,#,NUTS_01M_DK2016NoPopDraft,NUTS_01M_DK2016NoPopDraft.URBN_TYPE,-1,-1;COAST_TYPE "COAST_TYPE" true true false 1 Short 0 1,First,#,NUTS_01M_DK2016NoPopDraft,NUTS_01M_DK2016NoPopDraft.COAST_TYPE,-1,-1;FID_1 "FID_1" true true false 5 Text 0 0,First,#,NUTS_01M_DK2016NoPopDraft,NUTS_01M_DK2016NoPopDraft.FID_1,0,5;GEO_CODES "GEO_CODES" true true false 8000 Text 0 0,First,#,NUTS_01M_DK2016NoPopDraft,popNUTS2018.csv.GEO_CODES,0,8000;y2018 "y2018" true true false 4 Long 0 0,First,#,NUTS_01M_DK2016NoPopDraft,popNUTS2018.csv.y2018,-1,-1;y2017 "y2017" true true false 4 Long 0 0,First,#,NUTS_01M_DK2016NoPopDraft,popNUTS2018.csv.y2017,-1,-1" #</Process></lineage></DataProperties><SyncDate>20240630</SyncDate><SyncTime>10151400</SyncTime><ModDate>20240630</ModDate><ModTime>10151400</ModTime></Esri><dataIdInfo><envirDesc Sync="TRUE">Microsoft Windows 10 Version 10.0 (Build 19045) ; Esri ArcGIS 13.1.0.41833</envirDesc><dataLang><languageCode value="dan" Sync="TRUE"></languageCode><countryCode value="DNK" Sync="TRUE"></countryCode></dataLang><idCitation><resTitle Sync="TRUE">NUTS_01M_DK2016Pop2018_2017</resTitle><presForm><PresFormCd value="005" Sync="TRUE"></PresFormCd></presForm></idCitation><spatRpType><SpatRepTypCd value="001" Sync="TRUE"></SpatRepTypCd></spatRpType></dataIdInfo><mdLang><languageCode value="dan" Sync="TRUE"></languageCode><countryCode value="DNK" Sync="TRUE"></countryCode></mdLang><mdChar><CharSetCd value="004" Sync="TRUE"></CharSetCd></mdChar><distInfo><distFormat><formatName Sync="TRUE">Shapefile</formatName></distFormat><distTranOps><transSize Sync="TRUE">0.000</transSize></distTranOps></distInfo><mdHrLv><ScopeCd value="005" Sync="TRUE"></ScopeCd></mdHrLv><mdHrLvName Sync="TRUE">dataset</mdHrLvName><refSysInfo><RefSystem><refSysID><identCode code="3035" Sync="TRUE"></identCode><idCodeSpace Sync="TRUE">EPSG</idCodeSpace><idVersion Sync="TRUE">6.7(9.0.0)</idVersion></refSysID></RefSystem></refSysInfo><spatRepInfo><VectSpatRep><geometObjs Name="NUTS_01M_DK2016Pop2018_2017"><geoObjTyp><GeoObjTypCd value="002" Sync="TRUE"></GeoObjTypCd></geoObjTyp><geoObjCnt Sync="TRUE">0</geoObjCnt></geometObjs><topLvl><TopoLevCd value="001" Sync="TRUE"></TopoLevCd></topLvl></VectSpatRep></spatRepInfo><spdoinfo><ptvctinf><esriterm Name="NUTS_01M_DK2016Pop2018_2017"><efeatyp Sync="TRUE">Simple</efeatyp><efeageom code="4" Sync="TRUE"></efeageom><esritopo Sync="TRUE">FALSE</esritopo><efeacnt Sync="TRUE">0</efeacnt><spindex Sync="TRUE">FALSE</spindex><linrefer Sync="TRUE">FALSE</linrefer></esriterm></ptvctinf></spdoinfo><eainfo><detailed Name="NUTS_01M_DK2016Pop2018_2017"><enttyp><enttypl Sync="TRUE">NUTS_01M_DK2016Pop2018_2017</enttypl><enttypt Sync="TRUE">Feature Class</enttypt><enttypc Sync="TRUE">0</enttypc></enttyp><attr><attrlabl Sync="TRUE">FID</attrlabl><attalias Sync="TRUE">FID</attalias><attrtype Sync="TRUE">OID</attrtype><attwidth Sync="TRUE">4</attwidth><atprecis Sync="TRUE">0</atprecis><attscale Sync="TRUE">0</attscale><attrdef Sync="TRUE">Internal feature number.</attrdef><attrdefs Sync="TRUE">Esri</attrdefs><attrdomv><udom Sync="TRUE">Sequential unique whole numbers that are automatically generated.</udom></attrdomv></attr><attr><attrlabl Sync="TRUE">Shape</attrlabl><attalias Sync="TRUE">Shape</attalias><attrtype Sync="TRUE">Geometry</attrtype><attwidth Sync="TRUE">0</attwidth><atprecis Sync="TRUE">0</atprecis><attscale Sync="TRUE">0</attscale><attrdef Sync="TRUE">Feature geometry.</attrdef><attrdefs Sync="TRUE">Esri</attrdefs><attrdomv><udom Sync="TRUE">Coordinates defining the features.</udom></attrdomv></attr><attr><attrlabl Sync="TRUE">LEVL_CODE</attrlabl><attalias Sync="TRUE">LEVL_CODE</attalias><attrtype Sync="TRUE">SmallInteger</attrtype><attwidth Sync="TRUE">1</attwidth><atprecis Sync="TRUE">1</atprecis><attscale Sync="TRUE">0</attscale></attr><attr><attrlabl Sync="TRUE">NUTS_ID</attrlabl><attalias Sync="TRUE">NUTS_ID</attalias><attrtype Sync="TRUE">String</attrtype><attwidth Sync="TRUE">5</attwidth><atprecis Sync="TRUE">0</atprecis><attscale Sync="TRUE">0</attscale></attr><attr><attrlabl Sync="TRUE">CNTR_CODE</attrlabl><attalias Sync="TRUE">CNTR_CODE</attalias><attrtype Sync="TRUE">String</attrtype><attwidth Sync="TRUE">2</attwidth><atprecis Sync="TRUE">0</atprecis><attscale Sync="TRUE">0</attscale></attr><attr><attrlabl Sync="TRUE">NAME_LATN</attrlabl><attalias Sync="TRUE">NAME_LATN</attalias><attrtype Sync="TRUE">String</attrtype><attwidth Sync="TRUE">70</attwidth><atprecis Sync="TRUE">0</atprecis><attscale Sync="TRUE">0</attscale></attr><attr><attrlabl Sync="TRUE">NUTS_NAME</attrlabl><attalias Sync="TRUE">NUTS_NAME</attalias><attrtype Sync="TRUE">String</attrtype><attwidth Sync="TRUE">106</attwidth><atprecis Sync="TRUE">0</atprecis><attscale Sync="TRUE">0</attscale></attr><attr><attrlabl Sync="TRUE">MOUNT_TYPE</attrlabl><attalias Sync="TRUE">MOUNT_TYPE</attalias><attrtype Sync="TRUE">SmallInteger</attrtype><attwidth Sync="TRUE">1</attwidth><atprecis Sync="TRUE">1</atprecis><attscale Sync="TRUE">0</attscale></attr><attr><attrlabl Sync="TRUE">URBN_TYPE</attrlabl><attalias Sync="TRUE">URBN_TYPE</attalias><attrtype Sync="TRUE">SmallInteger</attrtype><attwidth Sync="TRUE">1</attwidth><atprecis Sync="TRUE">1</atprecis><attscale Sync="TRUE">0</attscale></attr><attr><attrlabl Sync="TRUE">COAST_TYPE</attrlabl><attalias Sync="TRUE">COAST_TYPE</attalias><attrtype Sync="TRUE">SmallInteger</attrtype><attwidth Sync="TRUE">1</attwidth><atprecis Sync="TRUE">1</atprecis><attscale Sync="TRUE">0</attscale></attr><attr><attrlabl Sync="TRUE">FID_1</attrlabl><attalias Sync="TRUE">FID_1</attalias><attrtype Sync="TRUE">String</attrtype><attwidth Sync="TRUE">5</attwidth><atprecis Sync="TRUE">0</atprecis><attscale Sync="TRUE">0</attscale></attr><attr><attrlabl Sync="TRUE">GEO_CODES</attrlabl><attalias Sync="TRUE">GEO_CODES</attalias><attrtype Sync="TRUE">String</attrtype><attwidth Sync="TRUE">254</attwidth><atprecis Sync="TRUE">0</atprecis><attscale Sync="TRUE">0</attscale></attr><attr><attrlabl Sync="TRUE">y2018</attrlabl><attalias Sync="TRUE">y2018</attalias><attrtype Sync="TRUE">Integer</attrtype><attwidth Sync="TRUE">10</attwidth><atprecis Sync="TRUE">10</atprecis><attscale Sync="TRUE">0</attscale></attr><attr><attrlabl Sync="TRUE">y2017</attrlabl><attalias Sync="TRUE">y2017</attalias><attrtype Sync="TRUE">Integer</attrtype><attwidth Sync="TRUE">10</attwidth><atprecis Sync="TRUE">10</atprecis><attscale Sync="TRUE">0</attscale></attr></detailed></eainfo><mdDateSt Sync="TRUE">20240630</mdDateSt></metadata>
