<?xml version="1.0" encoding="UTF-8"?>
<metadata xml:lang="da"><Esri><CreaDate>20240316</CreaDate><CreaTime>09593600</CreaTime><ArcGISFormat>1.0</ArcGISFormat><SyncOnce>TRUE</SyncOnce><DataProperties><lineage><Process ToolSource="c:\program files\arcgis\pro\Resources\ArcToolbox\toolboxes\Conversion Tools.tbx\ExportFeatures" Date="20240316" Time="095936">ExportFeatures main."ESTAT_Census_2011_V1-0" "C:\Users\idarei\OneDrive - Aalborg Universitet\Dokumenter\work\programs\MYTILUScombined\MYTILUSlab\aquainfraLab\socioeconomic\arcgis\INSPIRE\data\pop1km2_2021\pop1km2_DK.shp" # NOT_USE_ALIAS "GRD_ID "GRD_ID" true true false 2147483647 Text 0 0,First,#,main."ESTAT_Census_2011_V1-0",GRD_ID,0,2147483647;OBS_VALUE_T "OBS_VALUE_T" true true false 8 Double 8 38,First,#,main."ESTAT_Census_2011_V1-0",OBS_VALUE_T,-1,-1" #</Process></lineage></DataProperties></Esri></metadata>
